country_name_whr,year,happiness_score,country_iso3,social_spending_pct_gdp,country_name,gdp_per_capita_ppp_constant_2021_intl_dollars,gini_index,unemployment_rate_pct,civic_engagement_score,health_score,housing_score,job_security_score,safety_score,work_life_balance_score
Australia,2018,7.2,AUS,1.4,Australia,57647.8,34.3,5.3,2.7,83.0,19.4,3.1,67.0,12.5
Australia,2020,7.2,AUS,1.4,Australia,57260.5,33.8,6.4,2.7,83.0,19.4,3.1,67.0,12.5
Austria,2015,7.1,AUT,1.4,Austria,60951.7,30.5,5.8,1.3,82.0,20.8,2.3,86.0,5.3
Austria,2016,7.0,AUT,1.4,Austria,61572.7,30.8,6.1,1.3,82.0,20.8,2.3,86.0,5.3
Austria,2017,7.1,AUT,1.4,Austria,62535.9,29.7,5.6,1.3,82.0,20.8,2.3,86.0,5.3
Austria,2018,7.2,AUT,1.4,Austria,63778.0,30.8,4.9,1.3,82.0,20.8,2.3,86.0,5.3
Austria,2019,7.3,AUT,1.4,Austria,64609.4,30.2,4.6,1.3,82.0,20.8,2.3,86.0,5.3
Austria,2020,7.3,AUT,1.4,Austria,60276.4,29.8,5.2,1.3,82.0,20.8,2.3,86.0,5.3
Austria,2021,7.2,AUT,1.4,Austria,62968.9,30.7,6.5,1.3,82.0,20.8,2.3,86.0,5.3
Belgium,2015,6.9,BEL,1.9,Belgium,57509.0,27.7,8.5,2.0,82.1,20.0,2.4,56.0,4.3
Belgium,2016,6.9,BEL,1.9,Belgium,57901.5,27.6,7.8,2.0,82.1,20.0,2.4,56.0,4.3
Belgium,2017,6.9,BEL,1.9,Belgium,58529.3,27.4,7.1,2.0,82.1,20.0,2.4,56.0,4.3
Belgium,2018,6.9,BEL,1.9,Belgium,59357.7,27.2,5.9,2.0,82.1,20.0,2.4,56.0,4.3
Belgium,2019,6.9,BEL,1.8,Belgium,60480.0,27.2,5.4,2.0,82.1,20.0,2.4,56.0,4.3
Belgium,2020,6.8,BEL,2.0,Belgium,57333.5,26.0,5.5,2.0,82.1,20.0,2.4,56.0,4.3
Belgium,2021,6.8,BEL,1.9,Belgium,60669.2,26.6,6.2,2.0,82.1,20.0,2.4,56.0,4.3
Bulgaria,2021,5.4,BGR,0.1,Bulgaria,30959.1,39.0,5.2,,,,,,
Bulgaria,2022,5.5,BGR,0.1,Bulgaria,32433.8,38.2,4.1,,,,,,
Canada,2015,7.4,CAN,5.2,Canada,55660.9,33.7,6.9,2.9,82.1,22.9,3.8,78.0,3.3
Canada,2016,7.3,CAN,5.3,Canada,55606.2,32.7,7.0,2.9,82.1,22.9,3.8,78.0,3.3
Canada,2017,7.3,CAN,6.0,Canada,56612.3,33.3,6.4,2.9,82.1,22.9,3.8,78.0,3.3
Canada,2018,7.3,CAN,6.0,Canada,57337.5,32.5,5.8,2.9,82.1,22.9,3.8,78.0,3.3
Canada,2019,7.2,CAN,6.0,Canada,57583.8,31.8,5.7,2.9,82.1,22.9,3.8,78.0,3.3
Canada,2020,7.1,CAN,6.2,Canada,54092.9,29.9,9.7,2.9,82.1,22.9,3.8,78.0,3.3
Canada,2021,7.0,CAN,5.6,Canada,56995.1,31.1,7.5,2.9,82.1,22.9,3.8,78.0,3.3
Canada,2022,7.0,CAN,5.1,Canada,58321.1,31.5,5.3,2.9,82.1,22.9,3.8,78.0,3.3
Chile,2015,6.7,CHL,0.6,Chile,27811.4,45.3,6.6,1.3,80.6,18.4,7.0,41.0,7.7
Chile,2017,6.5,CHL,0.6,Chile,27893.0,45.3,7.3,1.3,80.6,18.4,7.0,41.0,7.7
Chile,2020,6.2,CHL,0.6,Chile,26248.6,47.0,10.9,1.3,80.6,18.4,7.0,41.0,7.7
Chile,2022,6.3,CHL,0.7,Chile,29569.5,43.2,8.2,1.3,80.6,18.4,7.0,41.0,7.7
Colombia,2015,6.5,COL,0.6,Colombia,16821.4,52.0,8.6,1.4,76.7,,,50.0,23.7
Colombia,2016,6.4,COL,0.6,Colombia,17003.2,51.7,8.9,1.4,76.7,,,50.0,23.7
Colombia,2017,6.3,COL,0.6,Colombia,16986.0,50.9,9.1,1.4,76.7,,,50.0,23.7
Colombia,2018,6.1,COL,0.6,Colombia,17104.1,51.6,9.4,1.4,76.7,,,50.0,23.7
Colombia,2019,6.2,COL,0.7,Colombia,17336.8,52.5,10.3,1.4,76.7,,,50.0,23.7
Colombia,2020,6.0,COL,0.7,Colombia,15861.5,54.4,16.0,1.4,76.7,,,50.0,23.7
Colombia,2021,5.8,COL,0.7,Colombia,17383.1,55.1,13.9,1.4,76.7,,,50.0,23.7
Colombia,2022,5.6,COL,0.7,Colombia,18458.7,54.8,10.5,1.4,76.7,,,50.0,23.7
Colombia,2023,5.7,COL,0.7,Colombia,18383.0,54.6,9.6,1.4,76.7,,,50.0,23.7
Costa Rica,2015,7.1,CRI,0.3,Costa Rica,21254.8,48.4,8.4,1.8,80.5,17.0,,47.0,22.0
Costa Rica,2016,7.1,CRI,0.3,Costa Rica,21925.6,48.7,8.1,1.8,80.5,17.0,,47.0,22.0
Costa Rica,2017,7.1,CRI,0.4,Costa Rica,22622.6,48.3,7.7,1.8,80.5,17.0,,47.0,22.0
Costa Rica,2018,7.2,CRI,0.5,Costa Rica,23005.3,48.0,9.0,1.8,80.5,17.0,,47.0,22.0
Costa Rica,2019,7.1,CRI,0.5,Costa Rica,23364.8,48.2,10.8,1.8,80.5,17.0,,47.0,22.0
Costa Rica,2020,7.1,CRI,0.5,Costa Rica,22211.9,49.2,16.4,1.8,80.5,17.0,,47.0,22.0
Costa Rica,2021,6.6,CRI,0.6,Costa Rica,23852.9,48.7,15.1,1.8,80.5,17.0,,47.0,22.0
Costa Rica,2022,6.6,CRI,0.6,Costa Rica,24831.7,47.2,11.3,1.8,80.5,17.0,,47.0,22.0
Croatia,2020,5.9,HRV,0.7,Croatia,32493.3,29.5,7.4,,,,,,
Croatia,2021,6.1,HRV,0.7,Croatia,36930.3,28.9,7.5,,,,,,
Czechia,2015,6.6,CZE,0.2,Czechia,42066.6,25.9,5.0,1.6,79.3,23.4,2.3,77.0,4.5
Czechia,2016,6.6,CZE,0.2,Czechia,43069.5,25.4,4.0,1.6,79.3,23.4,2.3,77.0,4.5
Czechia,2017,6.7,CZE,0.3,Czechia,45177.5,24.9,2.9,1.6,79.3,23.4,2.3,77.0,4.5
Czechia,2018,6.9,CZE,0.3,Czechia,46301.1,25.0,2.2,1.6,79.3,23.4,2.3,77.0,4.5
Czechia,2019,6.9,CZE,0.3,Czechia,47763.6,25.3,2.0,1.6,79.3,23.4,2.3,77.0,4.5
Czechia,2020,7.0,CZE,0.3,Czechia,45119.9,26.2,2.6,1.6,79.3,23.4,2.3,77.0,4.5
Czechia,2021,6.9,CZE,0.4,Czechia,47796.0,26.2,2.8,1.6,79.3,23.4,2.3,77.0,4.5
Denmark,2015,7.5,DNK,2.0,Denmark,62405.7,28.2,6.3,2.0,81.5,23.3,4.5,85.0,1.1
Denmark,2016,7.5,DNK,1.8,Denmark,63823.5,28.2,6.0,2.0,81.5,23.3,4.5,85.0,1.1
Denmark,2017,7.6,DNK,1.7,Denmark,65352.4,28.7,5.8,2.0,81.5,23.3,4.5,85.0,1.1
Denmark,2018,7.6,DNK,1.5,Denmark,66238.7,28.2,5.1,2.0,81.5,23.3,4.5,85.0,1.1
Denmark,2019,7.6,DNK,1.5,Denmark,67131.5,27.7,5.0,2.0,81.5,23.3,4.5,85.0,1.1
Denmark,2020,7.6,DNK,1.8,Denmark,65744.4,27.5,5.6,2.0,81.5,23.3,4.5,85.0,1.1
Denmark,2021,7.6,DNK,1.5,Denmark,69715.2,28.3,5.1,2.0,81.5,23.3,4.5,85.0,1.1
Estonia,2015,5.5,EST,0.1,Estonia,36356.4,32.7,6.4,2.7,78.8,17.0,5.4,79.0,2.2
Estonia,2016,5.6,EST,0.1,Estonia,37470.0,31.2,6.9,2.7,78.8,17.0,5.4,79.0,2.2
Estonia,2017,5.7,EST,0.1,Estonia,39533.5,30.4,5.8,2.7,78.8,17.0,5.4,79.0,2.2
Estonia,2018,5.9,EST,0.1,Estonia,40853.6,30.3,5.4,2.7,78.8,17.0,5.4,79.0,2.2
Estonia,2019,6.0,EST,0.1,Estonia,42219.0,30.8,4.5,2.7,78.8,17.0,5.4,79.0,2.2
Estonia,2020,6.2,EST,0.1,Estonia,40920.5,30.7,7.0,2.7,78.8,17.0,5.4,79.0,2.2
Estonia,2021,6.3,EST,0.1,Estonia,44251.5,31.8,6.2,2.7,78.8,17.0,5.4,79.0,2.2
Estonia,2022,6.5,EST,0.1,Estonia,43128.6,32.3,5.6,2.7,78.8,17.0,5.4,79.0,2.2
Finland,2015,7.4,FIN,1.5,Finland,52782.5,27.1,9.4,2.2,82.1,23.1,2.2,88.0,3.6
Finland,2016,7.5,FIN,1.4,Finland,53984.6,27.1,8.8,2.2,82.1,23.1,2.2,88.0,3.6
Finland,2017,7.6,FIN,1.3,Finland,55637.2,27.4,8.6,2.2,82.1,23.1,2.2,88.0,3.6
Finland,2018,7.8,FIN,1.2,Finland,56226.3,27.3,7.4,2.2,82.1,23.1,2.2,88.0,3.6
Finland,2019,7.8,FIN,1.2,Finland,56922.5,27.7,6.7,2.2,82.1,23.1,2.2,88.0,3.6
Finland,2020,7.8,FIN,1.2,Finland,55424.9,27.1,7.8,2.2,82.1,23.1,2.2,88.0,3.6
Finland,2021,7.8,FIN,1.2,Finland,56790.4,27.7,7.6,2.2,82.1,23.1,2.2,88.0,3.6
France,2015,6.5,FRA,3.6,France,50682.9,32.7,10.4,2.1,82.9,20.7,3.1,74.0,7.7
France,2016,6.4,FRA,2.9,France,50984.1,31.9,10.1,2.1,82.9,20.7,3.1,74.0,7.7
France,2017,6.5,FRA,2.9,France,51895.6,31.6,9.4,2.1,82.9,20.7,3.1,74.0,7.7
France,2018,6.6,FRA,2.8,France,52561.0,32.4,9.0,2.1,82.9,20.7,3.1,74.0,7.7
France,2019,6.7,FRA,2.8,France,53448.6,31.2,8.4,2.1,82.9,20.7,3.1,74.0,7.7
France,2020,6.7,FRA,2.9,France,49311.3,30.7,8.0,2.1,82.9,20.7,3.1,74.0,7.7
France,2021,6.7,FRA,2.8,France,52517.3,31.5,7.9,2.1,82.9,20.7,3.1,74.0,7.7
France,2022,6.7,FRA,2.8,France,53673.8,31.2,7.3,2.1,82.9,20.7,3.1,74.0,7.7
Germany,2015,7.0,DEU,1.2,Germany,59573.7,31.4,4.6,1.8,81.4,20.0,1.4,76.0,3.9
Germany,2016,7.0,DEU,1.2,Germany,60408.0,31.3,4.1,1.8,81.4,20.0,1.4,76.0,3.9
Germany,2017,7.0,DEU,1.2,Germany,61866.5,31.3,3.8,1.8,81.4,20.0,1.4,76.0,3.9
Germany,2018,7.0,DEU,1.2,Germany,62381.3,31.9,3.4,1.8,81.4,20.0,1.4,76.0,3.9
Germany,2019,7.1,DEU,1.2,Germany,62849.4,32.2,3.2,1.8,81.4,20.0,1.4,76.0,3.9
Germany,2020,7.2,DEU,1.2,Germany,60203.3,32.5,3.9,1.8,81.4,20.0,1.4,76.0,3.9
Germany,2021,7.0,DEU,1.2,Germany,62530.8,33.6,3.6,1.8,81.4,20.0,1.4,76.0,3.9
Greece,2015,5.0,GRC,0.5,Greece,31348.0,36.0,25.0,1.8,81.7,21.8,21.7,69.0,4.5
Greece,2016,5.2,GRC,0.5,Greece,31468.6,35.0,23.5,1.8,81.7,21.8,21.7,69.0,4.5
Greece,2017,5.4,GRC,0.5,Greece,31995.4,34.4,21.4,1.8,81.7,21.8,21.7,69.0,4.5
Greece,2018,5.3,GRC,0.5,Greece,32722.3,32.9,19.2,1.8,81.7,21.8,21.7,69.0,4.5
Greece,2019,5.5,GRC,0.6,Greece,33502.8,33.1,17.0,1.8,81.7,21.8,21.7,69.0,4.5
Greece,2020,5.7,GRC,0.6,Greece,30487.1,33.6,15.9,1.8,81.7,21.8,21.7,69.0,4.5
Greece,2021,5.9,GRC,0.6,Greece,33531.2,32.9,14.7,1.8,81.7,21.8,21.7,69.0,4.5
Hungary,2015,5.1,HUN,0.4,Hungary,31485.6,30.4,6.8,1.2,76.4,19.9,3.8,74.0,1.5
Hungary,2016,5.3,HUN,0.4,Hungary,32379.0,30.3,5.1,1.2,76.4,19.9,3.8,74.0,1.5
Hungary,2017,5.6,HUN,0.4,Hungary,33828.7,30.6,4.2,1.2,76.4,19.9,3.8,74.0,1.5
Ireland,2021,7.0,IRL,1.6,Ireland,116903.6,29.4,6.4,1.3,82.8,20.6,2.6,76.0,4.7
Israel,2022,7.5,ISR,2.3,Israel,48098.2,38.3,3.7,2.5,82.9,,4.6,80.0,14.1
Italy,2021,6.5,ITA,1.1,Italy,49825.4,34.8,9.5,2.5,83.6,22.5,8.6,73.0,3.3
Latvia,2015,5.6,LVA,0.1,Latvia,30599.6,34.2,9.9,2.2,75.5,20.8,6.3,72.0,1.6
Latvia,2016,5.8,LVA,0.1,Latvia,31668.5,34.3,9.6,2.2,75.5,20.8,6.3,72.0,1.6
Latvia,2017,5.9,LVA,0.1,Latvia,33036.4,35.6,8.7,2.2,75.5,20.8,6.3,72.0,1.6
Latvia,2018,5.9,LVA,0.1,Latvia,34729.7,35.1,7.4,2.2,75.5,20.8,6.3,72.0,1.6
Latvia,2019,5.9,LVA,0.3,Latvia,35208.2,34.5,6.3,2.2,75.5,20.8,6.3,72.0,1.6
Latvia,2020,6.0,LVA,0.3,Latvia,34225.9,35.7,8.1,2.2,75.5,20.8,6.3,72.0,1.6
Latvia,2021,6.2,LVA,0.3,Latvia,36912.0,34.3,7.5,2.2,75.5,20.8,6.3,72.0,1.6
Lithuania,2015,5.8,LTU,0.2,Lithuania,35251.3,37.4,9.1,2.4,76.4,18.4,,62.0,1.0
Lithuania,2016,5.9,LTU,0.2,Lithuania,36618.1,38.4,7.9,2.4,76.4,18.4,,62.0,1.0
Lithuania,2017,6.0,LTU,0.2,Lithuania,38774.5,37.3,7.1,2.4,76.4,18.4,,62.0,1.0
Lithuania,2018,6.1,LTU,0.2,Lithuania,41019.8,35.7,6.1,2.4,76.4,18.4,,62.0,1.0
Lithuania,2019,6.2,LTU,0.3,Lithuania,43062.3,35.3,6.3,2.4,76.4,18.4,,62.0,1.0
Lithuania,2020,6.3,LTU,0.3,Lithuania,43091.8,36.0,8.5,2.4,76.4,18.4,,62.0,1.0
Lithuania,2021,6.4,LTU,0.4,Lithuania,45873.5,36.7,7.1,2.4,76.4,18.4,,62.0,1.0
Luxembourg,2015,6.9,LUX,0.2,Luxembourg,130097.3,32.9,6.8,1.7,82.7,20.7,2.2,87.0,2.8
Luxembourg,2016,6.9,LUX,0.2,Luxembourg,133661.6,31.7,6.7,1.7,82.7,20.7,2.2,87.0,2.8
Luxembourg,2017,6.9,LUX,0.2,Luxembourg,132169.8,34.5,5.5,1.7,82.7,20.7,2.2,87.0,2.8
Luxembourg,2018,7.1,LUX,0.2,Luxembourg,131733.9,35.4,5.6,1.7,82.7,20.7,2.2,87.0,2.8
Luxembourg,2019,7.2,LUX,0.2,Luxembourg,132724.8,34.2,5.6,1.7,82.7,20.7,2.2,87.0,2.8
Luxembourg,2020,7.3,LUX,0.2,Luxembourg,129865.6,33.4,6.8,1.7,82.7,20.7,2.2,87.0,2.8
Luxembourg,2021,7.4,LUX,0.2,Luxembourg,136772.4,32.7,5.6,1.7,82.7,20.7,2.2,87.0,2.8
Mexico,2016,6.6,MEX,0.4,Mexico,21578.3,46.9,3.9,3.2,75.1,17.8,4.0,42.0,27.0
Mexico,2018,6.6,MEX,0.4,Mexico,21997.8,46.0,3.3,3.2,75.1,17.8,4.0,42.0,27.0
Mexico,2020,6.3,MEX,0.5,Mexico,19728.5,44.6,4.4,3.2,75.1,17.8,4.0,42.0,27.0
Mexico,2022,6.3,MEX,0.5,Mexico,21391.9,43.5,3.3,3.2,75.1,17.8,4.0,42.0,27.0
Netherlands,2020,7.5,NLD,5.1,Netherlands,64862.2,26.0,3.8,2.6,82.2,19.6,2.5,83.0,0.3
Netherlands,2021,7.4,NLD,4.9,Netherlands,68573.6,25.7,4.2,2.6,82.2,19.6,2.5,83.0,0.3
Norway,2020,7.4,NOR,1.4,Norway,86096.1,28.4,4.4,2.2,83.0,17.7,2.8,93.0,1.4
Norway,2021,7.4,NOR,1.2,Norway,88984.1,29.1,4.4,2.2,83.0,17.7,2.8,93.0,1.4
Peru,2022,5.5,PER,0.5,Peru,15559.8,40.3,4.3,,,,,,
Poland,2020,6.2,POL,0.8,Poland,37852.8,28.5,3.2,2.6,78.0,21.2,5.0,71.0,4.2
Poland,2021,6.1,POL,0.8,Poland,41059.6,28.5,3.3,2.6,78.0,21.2,5.0,71.0,4.2
Portugal,2019,5.9,PRT,2.0,Portugal,40188.3,32.8,6.4,1.5,81.8,19.6,8.1,83.0,5.6
Portugal,2020,5.9,PRT,2.1,Portugal,36852.2,34.7,6.8,1.5,81.8,19.6,8.1,83.0,5.6
Romania,2020,6.1,ROU,0.1,Romania,35283.8,34.6,5.0,,,,,,
Romania,2021,6.5,ROU,0.1,Romania,37534.2,33.9,5.6,,,,,,
Slovakia,2015,6.1,SVK,0.9,Slovak Republic,33521.6,26.5,11.5,3.0,77.8,27.4,8.8,76.0,4.2
Slovakia,2016,6.1,SVK,0.9,Slovak Republic,34130.5,25.2,9.7,3.0,77.8,27.4,8.8,76.0,4.2
Slovakia,2017,6.2,SVK,0.9,Slovak Republic,35057.2,23.2,8.1,3.0,77.8,27.4,8.8,76.0,4.2
Slovakia,2018,6.2,SVK,0.8,Slovak Republic,36430.8,25.0,6.5,3.0,77.8,27.4,8.8,76.0,4.2
Slovakia,2019,6.3,SVK,0.9,Slovak Republic,37209.5,23.2,5.8,3.0,77.8,27.4,8.8,76.0,4.2
Slovakia,2020,6.3,SVK,0.9,Slovak Republic,36216.4,24.2,6.7,3.0,77.8,27.4,8.8,76.0,4.2
Slovakia,2021,6.4,SVK,0.9,Slovak Republic,38346.1,24.1,6.9,3.0,77.8,27.4,8.8,76.0,4.2
Slovenia,2015,5.8,SVN,1.4,Slovenia,38527.4,25.4,9.0,2.5,81.6,18.2,5.9,91.0,5.6
Slovenia,2016,5.8,SVN,1.3,Slovenia,39667.5,24.8,8.0,2.5,81.6,18.2,5.9,91.0,5.6
Slovenia,2017,5.9,SVN,1.3,Slovenia,41692.8,24.2,6.6,2.5,81.6,18.2,5.9,91.0,5.6
Slovenia,2018,6.1,SVN,1.3,Slovenia,43361.1,24.6,5.1,2.5,81.6,18.2,5.9,91.0,5.6
Slovenia,2019,6.4,SVN,1.3,Slovenia,44569.6,24.4,4.4,2.5,81.6,18.2,5.9,91.0,5.6
Slovenia,2020,6.5,SVN,1.4,Slovenia,42463.6,24.0,5.0,2.5,81.6,18.2,5.9,91.0,5.6
Slovenia,2021,6.6,SVN,1.3,Slovenia,45914.1,24.3,4.7,2.5,81.6,18.2,5.9,91.0,5.6
Spain,2021,6.5,ESP,1.3,Spain,44251.7,33.9,14.9,1.8,83.9,21.7,15.8,80.0,2.5
Sweden,2020,7.4,SWE,2.2,Sweden,59975.4,28.9,8.3,2.0,83.2,20.1,4.4,79.0,0.9
Sweden,2021,7.4,SWE,2.2,Sweden,62731.7,29.8,8.8,2.0,83.2,20.1,4.4,79.0,0.9
Switzerland,2020,7.6,CHE,2.1,Switzerland,77324.9,33.7,4.8,2.3,84.0,21.4,,86.0,0.4
Switzerland,2021,7.5,CHE,1.9,Switzerland,81001.4,33.8,5.0,2.3,84.0,21.4,,86.0,0.4
Türkiye,2020,4.9,TUR,0.2,Turkiye,28976.7,43.0,13.1,1.5,78.6,18.9,13.0,59.0,25.0
Türkiye,2021,4.7,TUR,0.2,Turkiye,32105.5,44.4,12.0,1.5,78.6,18.9,13.0,59.0,25.0
Türkiye,2022,4.6,TUR,0.2,Turkiye,33520.8,44.5,10.5,1.5,78.6,18.9,13.0,59.0,25.0
